"Date","Interest Date","Amount","Account","Counterparty","Name","Description"
"2026-09-30","2026-09-30","0,42","NL34BUNQ0987654321","","","Interest payment September"
"2026-09-25","2026-09-25","-8,99","NL12BUNQ0123456789","","bunq","bunq Easy Bank subscription"
"2026-09-18","2026-09-18","54,95","NL12BUNQ0123456789","NL55BANK0300065264","Bol.com","Retour bestelling 4401"
"2026-09-15","2026-09-15","-31,22","NL12BUNQ0123456789","","Jumbo Eindhoven","Jumbo Eindhoven, NL"
"2026-09-12","2026-09-12","-12,50","NL12BUNQ0123456789","NL66BANK0111111111","Sam de Boer","Lunch"
"2026-09-10","2026-09-10","250,00","NL34BUNQ0987654321","NL12BUNQ0123456789","J Jansen","Savings September"
"2026-09-10","2026-09-10","-250,00","NL12BUNQ0123456789","NL34BUNQ0987654321","J Jansen","Savings September"
"2026-09-05","2026-09-05","-10,99","NL12BUNQ0123456789","NL02BANK1234567890","Spotify AB","Spotify Premium"
"2026-09-03","2026-09-03","-42,35","NL12BUNQ0123456789","","Albert Heijn 1234","Albert Heijn 1234 Eindhoven, NL"
"2026-09-02","2026-09-02","-650,00","NL12BUNQ0123456789","NL44DUWO0123456789","DUWO","Huur september"
"2026-09-01","2026-09-01","2.600,00","NL12BUNQ0123456789","NL03BANK1234567890","Werkgever BV","Salaris september 2026"
