Type,Product,Started Date,Completed Date,Description,Amount,Fee,Currency,State,Balance
TOPUP,Current,2026-09-05 10:01:00,2026-09-05 10:01:00,Top-Up by *1234,200.00,0.00,EUR,COMPLETED,250.00
CARD_PAYMENT,Current,2026-09-06 12:30:10,2026-09-06 12:30:10,Cafe Eindhoven,-12.50,0.00,EUR,COMPLETED,237.50
CARD_PAYMENT,Current,2026-09-08 19:02:40,2026-09-08 19:02:40,Zalando,-79.95,0.00,EUR,COMPLETED,157.55
ATM,Current,2026-09-10 15:00:20,2026-09-10 15:00:20,Cash withdrawal,-100.00,1.00,EUR,COMPLETED,56.55
CARD_REFUND,Current,2026-09-13 09:00:00,2026-09-13 09:00:00,Zalando,79.95,0.00,EUR,COMPLETED,136.50
EXCHANGE,Current,2026-09-14 08:00:00,2026-09-14 08:00:00,Exchanged to USD,-50.00,0.50,EUR,COMPLETED,86.00
EXCHANGE,Current,2026-09-14 08:00:00,2026-09-14 08:00:00,Exchanged from EUR,54.20,0.00,USD,COMPLETED,54.20
CARD_PAYMENT,Current,2026-09-15 20:15:00,2026-09-15 20:15:00,Amazon US,-30.00,0.00,USD,COMPLETED,24.20
CARD_PAYMENT,Current,2026-09-17 08:40:00,2026-09-17 08:40:00,Cafe Eindhoven,-9.80,0.00,EUR,COMPLETED,76.20
