Transaction Date,Merchant,Value,Currency,Balance
2026-03-01,Employer Salary,2600.00,EUR,3600.00
2026-03-02,DUWO Rent,-650.00,EUR,2950.00
2026-03-03,Albert Heijn,-42.35,EUR,2907.65
2026-03-04,NS Reizen,-18.40,EUR,2889.25
2026-03-05,Spotify,-10.99,EUR,2878.26
2026-03-06,Basic Fit,-24.99,EUR,2853.27
2026-03-08,Jumbo,-31.22,EUR,2822.05
2026-03-10,Cafe Downtown,-8.60,EUR,2813.45
2026-03-12,Bol.com,-54.95,EUR,2758.50
2026-03-15,Albert Heijn,-38.10,EUR,2720.40
2026-03-18,Netflix,-13.99,EUR,2706.41
2026-03-20,NS Reizen,-22.80,EUR,2683.61
2026-03-22,Restaurant Eindhoven,-36.50,EUR,2647.11
2026-03-25,Albert Heijn,-45.75,EUR,2601.36
2026-03-27,Health Insurance,-131.40,EUR,2469.96
2026-03-29,Amazon,-62.30,EUR,2407.66
2026-04-01,Employer Salary,2600.00,EUR,5007.66
2026-04-02,DUWO Rent,-650.00,EUR,4357.66
2026-04-03,Albert Heijn,-44.20,EUR,4313.46
2026-04-05,Spotify,-10.99,EUR,4302.47
2026-04-06,Basic Fit,-24.99,EUR,4277.48
2026-04-08,NS Reizen,-19.60,EUR,4257.88
2026-04-09,Jumbo,-29.84,EUR,4228.04
2026-04-11,Cafe Eindhoven,-11.20,EUR,4216.84
2026-04-13,Zalando,-89.95,EUR,4126.89
2026-04-16,Albert Heijn,-41.90,EUR,4084.99
2026-04-18,Netflix,-13.99,EUR,4071.00
2026-04-20,NS Reizen,-25.40,EUR,4045.60
2026-04-22,Restaurant Downtown,-48.60,EUR,3997.00
2026-04-24,Albert Heijn,-47.10,EUR,3949.90
2026-04-27,Health Insurance,-131.40,EUR,3818.50
2026-04-29,Amazon,-35.80,EUR,3782.70
2026-05-01,Employer Salary,2600.00,EUR,6382.70
2026-05-02,DUWO Rent,-650.00,EUR,5732.70
2026-05-03,Albert Heijn,-46.80,EUR,5685.90
2026-05-05,Spotify,-10.99,EUR,5674.91
2026-05-06,Basic Fit,-24.99,EUR,5649.92
2026-05-07,NS Reizen,-17.20,EUR,5632.72
2026-05-09,Lidl,-28.45,EUR,5604.27
2026-05-11,Cafe Eindhoven,-7.90,EUR,5596.37
2026-05-13,Amazon,-74.50,EUR,5521.87
2026-05-15,Albert Heijn,-43.30,EUR,5478.57
2026-05-18,Netflix,-13.99,EUR,5464.58
2026-05-19,NS Reizen,-31.60,EUR,5432.98
2026-05-21,Restaurant Eindhoven,-52.40,EUR,5380.58
2026-05-23,Albert Heijn,-49.20,EUR,5331.38
2026-05-25,Weekend Trip Hotel,-145.00,EUR,5186.38
2026-05-27,Health Insurance,-131.40,EUR,5054.98
2026-05-29,Bol.com,-39.95,EUR,5015.03
2026-06-01,Employer Salary,2600.00,EUR,7615.03
2026-06-02,DUWO Rent,-650.00,EUR,6965.03
2026-06-03,Albert Heijn,-40.10,EUR,6924.93
2026-06-05,Spotify,-10.99,EUR,6913.94
2026-06-06,Basic Fit,-24.99,EUR,6888.95
2026-06-08,NS Reizen,-23.80,EUR,6865.15
2026-06-10,Jumbo,-36.60,EUR,6828.55
2026-06-12,Cafe Eindhoven,-9.40,EUR,6819.15
2026-06-13,Amazon,-120.00,EUR,6699.15
2026-06-15,Albert Heijn,-44.75,EUR,6654.40
2026-06-18,Netflix,-13.99,EUR,6640.41
2026-06-20,NS Reizen,-27.40,EUR,6613.01
2026-06-21,Restaurant Eindhoven,-68.00,EUR,6545.01
2026-06-23,Restaurant Eindhoven,-42.50,EUR,6502.51
2026-06-25,Albert Heijn,-51.30,EUR,6451.21
2026-06-27,Health Insurance,-131.40,EUR,6319.81
2026-06-29,Amazon,-95.00,EUR,6224.81
2026-07-01,Employer Salary,2700.00,EUR,8924.81
2026-07-02,DUWO Rent,-650.00,EUR,8274.81
2026-07-03,Albert Heijn,-43.90,EUR,8230.91
2026-07-05,Spotify,-10.99,EUR,8219.92
2026-07-06,Basic Fit,-24.99,EUR,8194.93
2026-07-08,NS Reizen,-26.20,EUR,8168.73
2026-07-09,Jumbo,-33.70,EUR,8135.03
2026-07-11,Cafe Eindhoven,-12.50,EUR,8122.53
2026-07-13,Amazon,-49.99,EUR,8072.54
2026-07-15,Albert Heijn,-39.80,EUR,8032.74
2026-07-18,Netflix,-13.99,EUR,8018.75
2026-07-20,NS Reizen,-21.70,EUR,7997.05
2026-07-22,Restaurant Eindhoven,-58.60,EUR,7938.45
2026-07-24,Albert Heijn,-46.25,EUR,7892.20
2026-07-26,Concert Tickets,-75.00,EUR,7817.20
2026-07-27,Health Insurance,-131.40,EUR,7685.80
2026-07-30,Bol.com,-27.50,EUR,7658.30
2026-08-01,Employer Salary,2700.00,EUR,10358.30
2026-08-02,DUWO Rent,-650.00,EUR,9708.30
2026-08-03,Albert Heijn,-48.60,EUR,9659.70
2026-08-05,Spotify,-10.99,EUR,9648.71
2026-08-06,Basic Fit,-24.99,EUR,9623.72
2026-08-07,NS Reizen,-18.80,EUR,9604.92
2026-08-09,Lidl,-31.25,EUR,9573.67
2026-08-11,Cafe Eindhoven,-9.80,EUR,9563.87
2026-08-13,Amazon,-84.99,EUR,9478.88
2026-08-14,Amazon,-64.50,EUR,9414.38
2026-08-15,Albert Heijn,-52.40,EUR,9361.98
2026-08-18,Netflix,-13.99,EUR,9347.99
2026-08-19,NS Reizen,-29.60,EUR,9318.39
2026-08-21,Restaurant Eindhoven,-72.00,EUR,9246.39
2026-08-22,Restaurant Eindhoven,-39.50,EUR,9206.89
2026-08-24,Albert Heijn,-47.35,EUR,9159.54
2026-08-26,Zalando,-110.00,EUR,9049.54
2026-08-27,Health Insurance,-131.40,EUR,8918.14
2026-08-29,Amazon,-129.99,EUR,8788.15
2026-08-30,Cafe Eindhoven,-14.20,EUR,8773.95