"Datum";"Naam / Omschrijving";"Rekening";"Tegenrekening";"Code";"Af Bij";"Bedrag (EUR)";"Mutatiesoort";"Mededelingen";"Saldo na mutatie";"Tag"
"20260918";"Bol.com";"NL12INGB0123456789";"NL55BANK0300065264";"OV";"Bij";"54,95";"Overschrijving";"Retour bestelling 4401";"2069,55";""
"20260916";"Sam de Boer";"NL12INGB0123456789";"NL66BANK0111111111";"OV";"Bij";"22,50";"Overschrijving";"Etentje";"2014,60";""
"20260915";"J Jansen";"NL12INGB0123456789";"NL77BANK0222222222";"OV";"Bij";"150,00";"Overschrijving";"Terug van reserve";"1992,10";""
"20260912";"Bol.com";"NL12INGB0123456789";"NL55BANK0300065264";"IC";"Af";"19,99";"Incasso";"Bestelling 4410";"1842,10";""
"20260911";"Bol.com";"NL12INGB0123456789";"NL55BANK0300065264";"IC";"Af";"54,95";"Incasso";"Bestelling 4401";"1862,09";""
"20260909";"Sam de Boer";"NL12INGB0123456789";"NL66BANK0111111111";"GT";"Af";"45,00";"Online bankieren";"Concertkaartjes";"1917,04";""
"20260905";"Albert Heijn";"NL12INGB0123456789";"";"BA";"Af";"42,35";"Betaalautomaat";"ALBERT HEIJN EINDHOVEN";"1962,04";""
"20260902";"DUWO";"NL12INGB0123456789";"NL44DUWO0123456789";"IC";"Af";"650,00";"Incasso";"Huur september";"2004,39";""
"20260901";"J Jansen";"NL12INGB0123456789";"NL77BANK0222222222";"GT";"Af";"300,00";"Online bankieren";"Reserve september";"2654,39";""
"20260901";"Werkgever BV";"NL12INGB0123456789";"NL03BANK1234567890";"OV";"Bij";"2600,00";"Overschrijving";"Salaris september";"2954,39";""
"20260820";"Sam de Boer";"NL12INGB0123456789";"NL66BANK0111111111";"OV";"Bij";"12,00";"Overschrijving";"Lunch";"354,39";""
"20260803";"DUWO";"NL12INGB0123456789";"NL44DUWO0123456789";"IC";"Af";"650,00";"Incasso";"Huur augustus";"342,39";""
"20260801";"J Jansen";"NL12INGB0123456789";"NL77BANK0222222222";"GT";"Af";"300,00";"Online bankieren";"Reserve augustus";"992,39";""
