"IBAN/BBAN","Munt","BIC","Volgnr","Datum","Rentedatum","Bedrag","Saldo na trn","Tegenrekening IBAN/BBAN","Naam tegenpartij","Naam uiteindelijke partij","Naam initiërende partij","BIC tegenpartij","Code","Batch ID","Transactiereferentie","Machtigingskenmerk","Incassant ID","Betalingskenmerk","Omschrijving-1","Omschrijving-2","Omschrijving-3","Reden retour","Oorspr bedrag","Oorspr munt","Koers"
"NL44RABO0123456789","EUR","RABONL2U","000000000000004201","2026-09-01","2026-09-01","+2600,00","+2811,65","NL03BANK1234567890","Werkgever BV","","","","sb","","","","","","Salaris september 2026","","","","","",""
"NL44RABO0123456789","EUR","RABONL2U","000000000000004202","2026-09-02","2026-09-02","-650,00","+2161,65","NL44DUWO0123456789","DUWO","","","","ei","","","MND-0012345","NL12ZZZ123456780000","","Huur september","","","","","",""
"NL44RABO0123456789","EUR","RABONL2U","000000000000004203","2026-09-03","2026-09-03","-42,35","+2119,30","","Albert Heijn 1234 EINDHOVEN","","","","ba","","","","","","Betaalautomaat 18:04 pasnr. 012","Apple Pay","","","","",""
"NL44RABO0123456789","EUR","RABONL2U","000000000000004204","2026-09-05","2026-09-05","-10,99","+2108,31","NL02BANK1234567890","Spotify AB","","","","ei","","","SP-998877","SE94ZZZ5567037485","","Spotify Premium","","","","","",""
"NL44RABO0123456789","EUR","RABONL2U","000000000000004205","2026-09-08","2026-09-08","-27,80","+2080,51","NL11BANK0000000001","NS Groep via Mollie","","","","id","","","","","","NS Reizigers order 12345 9876543210","Kenmerk: 08-09-2026 09:15 0012345678901234","","","","",""
"NL44RABO0123456789","EUR","RABONL2U","000000000000004206","2026-09-10","2026-09-10","-300,00","+1780,51","NL55RABO0987654321","J Jansen","","","RABONL2U","tb","","","","","","Sparen september","","","","","",""
"NL55RABO0987654321","EUR","RABONL2U","000000000000000811","2026-09-10","2026-09-10","+300,00","+5300,00","NL44RABO0123456789","J Jansen","","","RABONL2U","tb","","","","","","Sparen september","","","","","",""
"NL44RABO0123456789","EUR","RABONL2U","000000000000004207","2026-09-12","2026-09-12","-23,61","+1756,90","","Bookshop LONDON GBR","","","","ba","","","","","","Betaalautomaat 12:20 pasnr. 012","","","","19,99","GBP","0,84668"
"NL44RABO0123456789","EUR","RABONL2U","000000000000004208","2026-09-15","2026-09-15","-31,22","+1725,68","","Jumbo Eindhoven","","","","ba","","","","","","Betaalautomaat 17:45 pasnr. 012","","","","","",""
"NL44RABO0123456789","EUR","RABONL2U","000000000000004209","2026-09-18","2026-09-18","+54,95","+1780,63","NL55BANK0300065264","Bol.com","","","","cb","","","","","","Retour bestelling 4401","","","","","",""
"NL44RABO0123456789","EUR","RABONL2U","000000000000004210","2026-09-25","2026-09-25","-2,95","+1777,68","","","","","","db","","","","","","Kosten Rabo DirectPakket","periode 01-08-2026 t/m 31-08-2026","","","","",""
"NL55RABO0987654321","EUR","RABONL2U","000000000000000812","2026-09-30","2026-09-30","+4,17","+5304,17","","","","","","db","","","","","","Creditrente","over september","","","","",""
